ID;yr.st;longevity;notes;2;s2;id2;3;s3;id3;4;s4;id4;5;s5;id5;6;s6;id6;7;s7;id7;8;s8;id8;9;s9;id9;10;s10;id10;11;s11;id11;12;s12;id12;13;s13;id13;14;s14;id14;15;s15;id15;16;s16;id16;17;s17;id17;18;s18;id18;LRS-wean
38C;1964;12;3;;;;;;;;;;;;;;;;;;;;;;;;;4;0;;4;0;;;;;;;;;;;;;;;;;;;;;;;
32D;1965;14;3;;;;;;;;;;;;;;;;;;;;;;;;;4;0;;;;;4;0;;4;0;;5;1;5H;;;;;;;;;;;;;
32B;1966;18;3;;;;;;;;;;;;;4;1;;5;1;33B;;;;4;0;;;;;4;0;;5;1;17G;5;2;10H;5;2;22I;0;;;0;;;0;;;0;;;
17B;1967;7;2;;;;;;;;;;;;;4;0;;5;1;22C;;;;;;;;;;;;;;;;;;;;;;;;;;;;;;;;;;
1B;1968;6;2;;;;;;;;;;0;;;3;2;42C;;;;;;;;;;;;;;;;;;;;;;;;;;;;;;;;;;;;;
30B;1968;7;2;;;;;;;;;;5;1;31B;;;;3;2;19D;;;;;;;;;;;;;;;;;;;;;;;;;;;;;;;;;;
13F;1969;8;2;;;;;;;;;;;;;;;;;;;5;2;10F;;;;;;;;;;;;;;;;;;;;;;;;;;;;;;;
22B;1969;5;3;;;;;;;1;0;;;;;;;;;;;;;;;;;;;;;;;;;;;;;;;;;;;;;;;;;;;;
22D;1969;7;2;;;;;;;;;;;;;4;0;;5;2;8E;;;;;;;;;;;;;;;;;;;;;;;;;;;;;;;;;;
23B;1969;6;3;;;;;;;4;2;;;;;;;;;;;;;;;;;;;;;;;;;;;;;;;;;;;;;;;;;;;;
23C;1969;6;2;;;;;;;;;;4;0;;5;1;16D;;;;;;;;;;;;;;;;;;;;;;;;;;;;;;;;;;;;;
24B;1969;5;3;;;;;;;4;0;;;;;;;;;;;;;;;;;;;;;;;;;;;;;;;;;;;;;;;;;;;;
24C;1969;6;2;;;;;;;;;;4;0;;;;;;;;;;;;;;;;;;;;;;;;;;;;;;;;;;;;;;;;;
25C;1969;8;2;;;;;;;;;;4;0;;4;0;;;;;5;2;8F;;;;;;;;;;;;;;;;;;;;;;;;;;;;;;;
29C;1969;5;2;;;;;;;;;;3;1;30C;;;;;;;;;;;;;;;;;;;;;;;;;;;;;;;;;;;;;;;;
4C;1969;8;2;;;;;;;;;;0;;;;;;;;;5;2;19F;;;;;;;;;;;;;;;;;;;;;;;;;;;;;;;
13B;1970;4;2;;;;0;;;5;2;41C;;;;;;;;;;;;;;;;;;;;;;;;;;;;;;;;;;;;;;;;;;;
13D;1970;7;2;;;;;;;;;;;;;5;2;18E;0;;;;;;;;;;;;;;;;;;;;;;;;;;;;;;;;;;;;
14D;1970;11;2;;;;;;;;;;4;0;;4;0;;3;1;6F;4;0;;1;0;;5;2;6I;5;2;6J;;;;;;;;;;;;;;;;;;;;;;
4D;1970;8;2;;;;;;;;;;4;0;;0;;;3;2;7F;5;2;8G;;;;;;;;;;;;;;;;;;;;;;;;;;;;;;;
7D;1970;5;2;;;;;;;;;;5;2;24D;;;;;;;;;;;;;;;;;;;;;;;;;;;;;;;;;;;;;;;;
8C;1970;4;2;;;;;;;5;2;21C;;;;;;;;;;;;;;;;;;;;;;;;;;;;;;;;;;;;;;;;;;;
11B;1971;6;2;;;;;;;;;;;;;5;1;9F;;;;;;;;;;;;;;;;;;;;;;;;;;;;;;;;;;;;;
12F;1971;9;2;;;;;;;;;;;;;1;0;;0;;;0;;;0;;;;;;;;;;;;;;;;;;;;;;;;;;;;;;
15C;1971;5;3;;;;4;0;;;;;;;;;;;;;;;;;;;;;;;;;;;;;;;;;;;;;;;;;;;;;;;
18C;1971;5;2;;;;4;0;;;;;3;1;11E;;;;;;;;;;;;;;;;;;;;;;;;;;;;;;;;;;;;;;;;
26B;1971;5;2;;;;;;;0;;;5;1;16E;;;;;;;;;;;;;;;;;;;;;;;;;;;;;;;;;;;;;;;;
28D;1971;7;2;;;;;;;4;0;;;;;4;0;;3;2;16G;;;;;;;;;;;;;;;;;;;;;;;;;;;;;;;;;;
34C;1971;7;2;;;;4;0;;4;0;;5;1;20E;3;2;25F;5;1;12G;;;;;;;;;;;;;;;;;;;;;;;;;;;;;;;;;;
35C;1971;4;2;;;;5;1;26C;5;1;18D;;;;;;;;;;;;;;;;;;;;;;;;;;;;;;;;;;;;;;;;;;;
3A;1971;5;2;;;;;;;4;0;;3;1;17E;;;;;;;;;;;;;;;;;;;;;;;;;;;;;;;;;;;;;;;;
4A;1971;5;2;;;;4;0;;;;;3;1;22E;;;;;;;;;;;;;;;;;;;;;;;;;;;;;;;;;;;;;;;;
4B;1971;3;3;;;;4;0;;;;;;;;;;;;;;;;;;;;;;;;;;;;;;;;;;;;;;;;;;;;;;;
5D;1971;6;2;;;;;;;0;;;;;;3;1;15F;;;;;;;;;;;;;;;;;;;;;;;;;;;;;;;;;;;;;
9B;1971;3;2;;;;4;1;;;;;;;;;;;;;;;;;;;;;;;;;;;;;;;;;;;;;;;;;;;;;;;
18F;1972;7;2;;;;;;;;;;1;0;;5;2;21G;5;2;7H;;;;;;;;;;;;;;;;;;;;;;;;;;;;;;;;;;
31D;1972;5;2;;;;;;;;;;5;2;11F;;;;;;;;;;;;;;;;;;;;;;;;;;;;;;;;;;;;;;;;
5C;1972;6;3;;;;4;0;;;;;4;0;;4;0;;;;;;;;;;;;;;;;;;;;;;;;;;;;;;;;;;;;;;
6D;1972;3;2;;;;3;2;8D;;;;;;;;;;;;;;;;;;;;;;;;;;;;;;;;;;;;;;;;;;;;;;
10E;1973;10;3;;;;0;;;;;;4;0;;4;0;;5;1;4I;5;2;8J;3;1;18K;1;0;;;;;;;;;;;;;;;;;;;;;;;;;;
12E;1973;8;2;;;;4;0;;4;0;;5;2;19G;0;;;1;0;;1;0;;;;;;;;;;;;;;;;;;;;;;;;;;;;;;;;
14C;1973;3;2;;;;5;2;19E;;;;;;;;;;;;;;;;;;;;;;;;;;;;;;;;;;;;;;;;;;;;;;
19C;1973;4;2;;;;;;;5;1;20F;;;;;;;;;;;;;;;;;;;;;;;;;;;;;;;;;;;;;;;;;;;
27B;1973;6;2;;;;;;;4;0;;5;1;20G;5;2;15H;;;;;;;;;;;;;;;;;;;;;;;;;;;;;;;;;;;;;
27C;1973;14;3;;;;;;;4;0;;5;2;5G;1;0;;5;2;;1;0;;5;0;;5;2;12L;5;1;14M;5;2;5N;4;0;;0;;;;;;;;;;;;;;;
28B;1973;3;3;;;;;;;;;;;;;;;;;;;;;;;;;;;;;;;;;;;;;;;;;;;;;;;;;;;;
33C;1973;5;2;;;;;;;;;;5;2;6G;;;;;;;;;;;;;;;;;;;;;;;;;;;;;;;;;;;;;;;;
33D;1973;6;2;;;;;;;1;0;;5;2;13G;5;1;4H;;;;;;;;;;;;;;;;;;;;;;;;;;;;;;;;;;;;;
7E;1973;3;2;;;;3;1;21E;;;;;;;;;;;;;;;;;;;;;;;;;;;;;;;;;;;;;;;;;;;;;;
1D;1974;3;2;;;;5;2;16F;;;;;;;;;;;;;;;;;;;;;;;;;;;;;;;;;;;;;;;;;;;;;;
21C;1974;7;3;;;;;;;5;1;15G;1;0;;5;1;;5;1;21J;;;;;;;;;;;;;;;;;;;;;;;;;;;;;;;;;;
2D;1974;2;3;;;;;;;;;;;;;;;;;;;;;;;;;;;;;;;;;;;;;;;;;;;;;;;;;;;;
32C;1974;2;3;;;;;;;;;;;;;;;;;;;;;;;;;;;;;;;;;;;;;;;;;;;;;;;;;;;;
41C;1974;2;3;;;;;;;;;;;;;;;;;;;;;;;;;;;;;;;;;;;;;;;;;;;;;;;;;;;;
4E;1974;5;2;;;;0;;;5;2;23G;5;1;6H;;;;;;;;;;;;;;;;;;;;;;;;;;;;;;;;;;;;;;;;
9D;1974;7;2;;;;3;1;17F;1;0;;4;0;;3;1;13I;5;2;5J;;;;;;;;;;;;;;;;;;;;;;;;;;;;;;;;;;
14E;1975;14;0;0;;;4;0;;3;1;14H;5;2;11I;1;0;;5;0;;4;0;;5;2;19M;1;0;;4;0;;4;1;15Q;2;2;10R;5;1;9S;;;;;;;;;;;;;9
21D;1975;15;0;3;2;24F;4;0;;4;0;;5;2;8I;3;1;11J;5;0;;5;1;14L;5;2;20M;4;0;;4;0;;5;2;2R;3;2;28R;5;1;19T;3;0;;;;;;;;;;;14
24D;1975;3;2;0;;;3;2;22G;;;;;;;;;;;;;;;;;;;;;;;;;;;;;;;;;;;;;;;;;;;;;;
27D;1975;5;2;0;;;0;;;4;0;;5;1;16I;;;;;;;;;;;;;;;;;;;;;;;;;;;;;;;;;;;;;;;;
2E;1975;3;2;0;;;5;2;14G;;;;;;;;;;;;;;;;;;;;;;;;;;;;;;;;;;;;;;;;;;;;;;
3E;1975;4;2;0;;;5;2;18G;5;1;11H;;;;;;;;;;;;;;;;;;;;;;;;;;;;;;;;;;;;;;;;;;;
14F;1976;2;0;3;2;9G;;;;;;;;;;;;;;;;;;;;;;;;;;;;;;;;;;;;;;;;;;;;;;;;;1
18E;1976;4;2;0;;;0;;;5;1;9I;;;;;;;;;;;;;;;;;;;;;;;;;;;;;;;;;;;;;;;;;;;
19E;1976;3;0;0;;;1;0;;;;;;;;;;;;;;;;;;;;;;;;;;;;;;;;;;;;;;;;;;;;;;;0
22F;1976;2;0;0;;;;;;;;;;;;;;;;;;;;;;;;;;;;;;;;;;;;;;;;;;;;;;;;;;;
2F;1976;3;2;0;;;5;1;13H;;;;;;;;;;;;;;;;;;;;;;;;;;;;;;;;;;;;;;;;;;;;;;
4F;1976;5;2;0;;;1;0;;5;2;26I;3;1;19J;;;;;;;;;;;;;;;;;;;;;;;;;;;;;;;;;;;;;;;;
8E;1976;10;0;0;;;1;0;;3;2;12I;5;2;22J;5;2;13K;5;1;11L;1;0;;5;1;1N;4;0;;;;;;;;;;;;;;;;;;;;;;;;;;6
10F;1977;5;2;3;2;12H;5;2;14I;5;1;10J;1;0;;;;;;;;;;;;;;;;;;;;;;;;;;;;;;;;;;;;;;;;;
11F;1977;17;0;1;0;;5;1;18I;1;0;;5;0;;4;0;;5;2;26M;3;1;19N;4;0;;4;0;;5;1;17R;1;0;;4;0;;1;0;;0;;;0;;;0;;;;;;8
16F;1977;5;2;1;0;;3;2;28I;5;1;2J;5;1;1K;;;;;;;;;;;;;;;;;;;;;;;;;;;;;;;;;;;;;;;;
19F;1977;5;2;0;;;5;1;10I;5;1;7J;3;1;15K;;;;;;;;;;;;;;;;;;;;;;;;;;;;;;;;;;;;;;;;
1G;1977;3;2;4;0;;5;1;27I;;;;;;;;;;;;;;;;;;;;;;;;;;;;;;;;;;;;;;;;;;;;;;
2G;1977;3;2;3;2;9H;5;1;17I;;;;;;;;;;;;;;;;;;;;;;;;;;;;;;;;;;;;;;;;;;;;;;
7G;1977;17;0;0;;;5;2;1I;5;2;3J;5;1;3K;1;0;;1;0;;5;1;3N;5;2;19P;5;2;7Q;5;1;21R;5;1;4S;5;2;23T;5;2;2U;3;2;10V;5;2;5W;1;0;;;;;12
8F;1977;2;2;0;;;;;;;;;;;;;;;;;;;;;;;;;;;;;;;;;;;;;;;;;;;;;;;;;;;
13G;1978;3;2;5;2;;5;1;18J;;;;;;;;;;;;;;;;;;;;;;;;;;;;;;;;;;;;;;;;;;;;;;
14G;1978;10;0;0;;;5;2;15J;1;0;;4;0;;5;1;28M;0;;;0;;;0;;;4;0;;;;;;;;;;;;;;;;;;;;;;;;;;4
18G;1978;3;2;0;;;5;1;12J;;;;;;;;;;;;;;;;;;;;;;;;;;;;;;;;;;;;;;;;;;;;;;
19G;1978;6;0;0;;;5;2;9J;5;2;17K;3;1;5L;1;0;;;;;;;;;;;;;;;;;;;;;;;;;;;;;;;;;;;;;;4
1H;1978;3;2;3;1;25I;0;;;;;;;;;;;;;;;;;;;;;;;;;;;;;;;;;;;;;;;;;;;;;;;;
21G;1978;3;2;5;1;19I;5;1;16J;;;;;;;;;;;;;;;;;;;;;;;;;;;;;;;;;;;;;;;;;;;;;;
23G;1978;3;2;0;;;1;0;;;;;;;;;;;;;;;;;;;;;;;;;;;;;;;;;;;;;;;;;;;;;;;
3H;1978;4;2;3;2;29I;5;2;14J;5;1;7K;;;;;;;;;;;;;;;;;;;;;;;;;;;;;;;;;;;;;;;;;;;
5G;1978;4;2;0;;;5;1;17J;5;2;8K;;;;;;;;;;;;;;;;;;;;;;;;;;;;;;;;;;;;;;;;;;;
6G;1978;3;2;1;0;;0;;;;;;;;;;;;;;;;;;;;;;;;;;;;;;;;;;;;;;;;;;;;;;;;
8G;1978;3;2;5;2;7I;1;0;;;;;;;;;;;;;;;;;;;;;;;;;;;;;;;;;;;;;;;;;;;;;;;
8H;1978;4;2;5;2;21I;5;2;13J;5;1;10K;;;;;;;;;;;;;;;;;;;;;;;;;;;;;;;;;;;;;;;;;;;
10H;1979;3;2;0;;;5;1;11K;;;;;;;;;;;;;;;;;;;;;;;;;;;;;;;;;;;;;;;;;;;;;;
15H;1979;3;2;0;;;5;2;5K;;;;;;;;;;;;;;;;;;;;;;;;;;;;;;;;;;;;;;;;;;;;;;
15I;1979;9;0;0;;;5;1;;5;2;20L;5;1;10M;9;2;17N;4;0;;4;0;;4;0;;;;;;;;;;;;;;;;;;;;;;;;;;;;;6
2I;1979;3;2;0;;;5;1;12K;;;;;;;;;;;;;;;;;;;;;;;;;;;;;;;;;;;;;;;;;;;;;;
5I;1979;17;0;0;;;5;1;20K;3;2;4L;5;2;21M;5;1;18N;4;0;;4;0;;1;0;;4;0;;1;0;;3;2;24U;3;1;18V;3;2;52W;3;2;;4;0;;0;;;;;;12
7H;1979;3;2;0;;;5;2;14K;;;;;;;;;;;;;;;;;;;;;;;;;;;;;;;;;;;;;;;;;;;;;;
11I;1980;14;0;5;2;2K;5;2;10L;5;1;30M;2;0;;5;2;25P;4;1;21Q;4;1;;5;2;19S;5;1;8T;0;;;4;;;3;1;20W;5;2;18X;;;;;;;;;;;;;11
14I;1980;4;0;5;2;21K;5;1;17L;2;2;1M;;;;;;;;;;;;;;;;;;;;;;;;;;;;;;;;;;;;;;;;;;;2
1I;1980;10;0;1;0;;5;1;19L;5;1;33M;5;2;14N;4;0;;5;2;27Q;4;0;;0;;;5;1;57T;;;;;;;;;;;;;;;;;;;;;;;;;7
1J;1980;14;0;5;1;4K;5;1;8L;5;2;16M;4;0;;5;2;2Q;5;1;29Q;4;0;;1;0;;5;2;1T;5;2;49U;1;0;;1;0;;3;2;17X;;;;;;;;;;;;;10
21I;1980;19;0;5;1;19K;1;0;;1;0;;5;1;15N;9;1;4P;5;1;30Q;4;0;;5;1;8S;5;2;9T;5;2;34U;3;2;4V;3;1;54W;1;0;;3;1;29Y;1;0;;0;;;0;;;10
22I;1980;4;0;5;1;6K;5;2;;5;2;4M;;;;;;;;;;;;;;;;;;;;;;;;;;;;;;;;;;;;;;;;;;;3
26I;1980;15;0;5;1;9K;9;1;15L;3;1;27M;2;0;;5;1;6Q;5;1;4R;4;0;;1;0;;5;1;20T;3;2;11U;1;0;;5;1;55W;0;;;0;;;;;;;;;;;;
4J;1980;5;0;5;2;16K;0;;;5;2;3M;4;0;;;;;;;;;;;;;;;;;;;;;;;;;;;;;;;;;;;;;;;;;3
6I;1980;8;0;0;;;1;0;;5;2;2M;0;;;3;2;7P;4;1;;5;2;25R;;;;;;;;;;;;;;;;;;;;;;;;;;;;;;;4
7I;1980;16;0;1;0;;4;0;;2;2;5M;5;2;4N;3;1;9P;4;0;;5;1;7R;2;0;;5;2;42T;5;2;31U;1;0;;5;2;50W;0;;;0;;;0;;;;;;;;;8
8I;1980;8;0;0;;;5;2;16L;3;2;7M;5;1;21N;9;0;;5;2;23Q;5;2;26R;;;;;;;;;;;;;;;;;;;;;;;;;;;;;;;
14J;1981;5;0;0;;;5;2;34M;5;1;6N;2;0;;;;;;;;;;;;;;;;;;;;;;;;;;;;;;;;;;;;;;;;;2
15J;1981;2;0;5;1;9L;;;;;;;;;;;;;;;;;;;;;;;;;;;;;;;;;;;;;;;;;;;;;;;;;
22J;1981;15;0;5;1;18L;5;2;15M;5;1;7N;5;2;12P;5;2;14Q;5;2;20R;5;2;27S;5;1;29T;5;2;22U;3;2;33V;3;1;8W;2;0;;0;;;;;;;;;;;;;;;11
3J;1981;11;0;0;;;5;1;31M;1;0;;5;2;1Q;1;0;;3;1;24R;5;1;16T;1;0;;5;2;29U;5;2;;;;;;;;;;;;;;;;;;;;;;;6
5J;1981;10;0;0;;;5;2;6M;5;1;12N;5;2;14P;4;1;33Q;5;1;22R;5;1;18T;5;1;56T;4;0;;;;;;;;;;;;;;;;;;;;;;;;;;8
6J;1981;15;0;5;1;13L;5;1;25M;4;0;;9;1;8P;3;2;11Q;1;0;;0;;;4;0;;5;2;9U;5;1;7V;1;0;;3;1;20X;2;0;;4;1;;;;;;;;;;;9
8J;1981;3;0;0;;;5;2;23M;;;;;;;;;;;;;;;;;;;;;;;;;;;;;;;;;;;;;;;;;;;;;;
9J;1981;8;0;1;0;;5;1;17M;5;1;9N;1;0;;5;2;9Q;4;0;;5;1;28S;;;;;;;;;;;;;;;;;;;;;;;;;;;;;;;5
14K;1982;13;0;5;1;29M;1;0;;5;2;6P;5;1;31Q;1;0;;3;1;20S;5;1;52T;5;2;7U;1;0;;3;2;44W;1;0;;2;0;;;;;;;;;;;;;;;;;7
16K;1982;12;0;0;;;4;2;13N;9;2;3P;5;1;24Q;0;;;5;2;26S;5;2;10T;5;2;19U;2;2;6V;5;1;26W;1;0;;;;;;;;;;;;;;;;;;;;6
17K;1982;7;0;0;;;5;2;20N;9;1;5P;5;2;17Q;5;2;6R;5;2;13S;;;;;;;;;;;;;;;;;;;;;;;;;;;;;;;;;;4
2K;1982;6;0;0;;;5;1;16N;1;0;;4;2;26Q;5;1;8R;;;;;;;;;;;;;;;;;;;;;;;;;;;;;;;;;;;;;3
5K;1982;7;0;0;;;5;2;2N;1;0;;4;1;10Q;5;1;12R;4;0;;;;;;;;;;;;;;;;;;;;;;;;;;;;;;;;;;;4
6L;1982;9;0;5;2;32M;5;2;11N;1;0;;4;0;;1;0;;4;0;;5;1;21T;5;2;25U;;;;;;;;;;;;;;;;;;;;;;;;;;;;6
8K;1982;9;0;1;0;;5;1;8N;5;2;11P;5;2;22Q;4;0;;0;;;5;2;12T;5;2;28U;;;;;;;;;;;;;;;;;;;;;;;;;;;;6
10L;1983;12;0;0;;;3;2;15P;5;1;20Q;5;2;2S;4;0;;5;2;6T;5;1;38U;1;0;;5;1;51W;1;0;;3;2;35Y;;;;;;;;;;;;;;;;;;;8
12L;1983;11;0;0;;;5;1;18P;4;1;16Q;5;2;18R;5;2;6S;1;0;;5;2;5U;4;;;5;1;43W;1;0;;;;;;;;;;;;;;;;;;;;;;;7
16L;1983;16;0;0;;;4;0;;4;1;19Q;5;1;5R;5;1;22S;5;1;7T;5;2;42U;1;0;;4;2;45W;3;2;27X;2;0;;3;1;1Z;3;1;A24;1;0;;0;;;;;;;;;10
18M;1983;11;0;0;;;5;2;10P;5;1;12Q;5;1;14S;4;0;;5;2;30T;1;0;;3;1;32V;3;1;41W;0;;;;;;;;;;;;;;;;;;;;;;;;7
20L;1983;9;0;0;;;4;;;0;;;4;1;;2;0;;5;2;11T;5;2;40U;5;2;29V;;;;;;;;;;;;;;;;;;;;;;;;;;;;5
24M;1983;2;0;0;;;;;;;;;;;;;;;;;;;;;;;;;;;;;;;;;;;;;;;;;;;;;;;;;;;
8M;1983;12;0;0;;;0;;;0;;;0;;;4;0;;5;1;53T;3;2;8U;5;2;1V;5;2;56W;3;1;19X;2;0;;;;;;;;;;;;;;;;;;;;6
15M;1984;13;2;0;;;5;1;25Q;5;2;15R;5;1;23S;5;2;55T;5;1;4U;1;0;;5;1;1W;2;2;4X;2;0;;0;;;9;1;A3;;;;;;;;;;;;;;;;
16M;1984;14;0;0;;;5;1;28Q;0;;;5;1;3T;5;2;51T;5;1;15U;3;2;22V;5;2;39W;2;2;6X;2;1;22Y;2;0;;3;2;A29;3;1;B18;;;;;;;;;;;;;8
19M;1984;15;0;0;;;4;1;;4;0;;5;1;31S;5;2;26T;3;2;36U;1;0;;5;1;36W;5;2;23X;2;0;;4;0;;5;2;A53;5;1;B30;2;0;;;;;;;;;;;10
20M;1984;12;0;0;;;1;0;;4;0;;1;0;;3;1;41T;5;1;43U;3;1;14V;5;2;19W;5;2;26X;3;2;20Y;3;2;11Z;;;;;;;;;;;;;;;;;;;
21M;1984;8;0;0;;;5;1;8Q;5;1;27R;5;2;22T;5;2;58T;5;1;30U;3;2;21V;;;;;;;;;;;;;;;;;;;;;;;;;;;;;;;6
26M;1984;6;0;0;;;5;1;13Q;5;2;14R;2;1;7S;5;1;3U;;;;;;;;;;;;;;;;;;;;;;;;;;;;;;;;;;;;;3
32M;1984;8;0;0;;;0;;;4;0;;5;1;4T;5;2;17U;5;2;48U;5;2;30V;;;;;;;;;;;;;;;;;;;;;;;;;;;;;;;5
34M;1984;10;0;0;;;0;;;5;2;9R;5;1;33S;3;2;32T;5;2;20U;1;0;;1;0;;0;;;;;;;;;;;;;;;;;;;;;;;;;;;4
3M;1984;12;0;0;;;5;1;32Q;1;0;;5;1;16S;5;2;33T;3;2;39U;5;2;5V;5;1;12W;2;2;1X;3;2;19Y;3;1;9Z;;;;;;;;;;;;;;;;;;;8
4M;1984;11;0;2;0;;2;0;;1;0;;5;1;10S;4;0;;3;2;14U;1;0;;2;0;;0;;;0;;;;;;;;;;;;;;;;;;;;;;;;3
6M;1984;5;0;0;;;0;;;0;;;4;0;;;;;;;;;;;;;;;;;;;;;;;;;;;;;;;;;;;;;;;;;1
14N;1985;7;0;0;;;4;0;;5;2;5T;5;2;35U;5;1;2V;5;1;16V;;;;;;;;;;;;;;;;;;;;;;;;;;;;;;;;;;5
1P;1985;3;0;0;;;3;1;16R;;;;;;;;;;;;;;;;;;;;;;;;;;;;;;;;;;;;;;;;;;;;;;1
2N;1985;10;0;0;;;1;0;;5;1;24S;5;1;36T;1;0;;5;2;21W;3;1;23W;3;1;8X;3;2;18Y;;;;;;;;;;;;;;;;;;;;;;;;;6
2P;1985;7;0;5;2;18Q;1;0;;4;0;;5;1;43T;5;2;6U;5;2;25V;;;;;;;;;;;;;;;;;;;;;;;;;;;;;;;;;;5
4N;1985;8;0;0;;;5;2;3S;0;;;5;2;31T;5;1;32U;2;1;9V;3;2;22W;;;;;;;;;;;;;;;;;;;;;;;;;;;;;;;4
5N;1985;4;0;0;;;0;;;1;0;;;;;;;;;;;;;;;;;;;;;;;;;;;;;;;;;;;;;;;;;;;;0
10P;1986;8;0;0;;;5;2;29S;5;1;38T;3;2;46U;5;2;8V;5;1;2W;3;2;10X;;;;;;;;;;;;;;;;;;;;;;;;;;;;;;;6
12P;1986;14;0;0;;;5;1;21S;5;2;28T;5;2;50U;1;0;;3;2;;3;2;28X;5;2;32Y;5;1;12Z;3;2;A56;3;1;B22;2;0;;1;;;;;;;;;;;;;;;9
19P;1986;14;0;0;;;3;1;12S;5;1;35T;5;2;16U;5;1;13V;5;2;28W;1;0;;3;2;40Y;1;0;;5;2;A6;3;2;B6;2;2;C11;0;;;;;;;;;;;;;;;8
1Q;1986;8;0;0;;;4;0;;5;1;49T;1;0;;3;2;24V;1;0;;3;2;25X;;;;;;;;;;;;;;;;;;;;;;;;;;;;;;;4
25P;1986;7;0;0;;;5;2;15T;1;0;;5;2;47U;1;0;;0;;;;;;;;;;;;;;;;;;;;;;;;;;;;;;;;;;;;2
2Q;1986;14;0;0;;;5;2;25S;5;1;46T;3;1;10U;5;2;27V;3;2;42W;3;2;;2;0;;5;1;A23;5;2;A44;3;1;B41;1;0;;2;2;;;;;;;;;;;;;;9
4Q;1986;7;0;0;;;4;;;4;0;;5;1;12U;5;2;15V;3;1;35W;;;;;;;;;;;;;;;;;;;;;;;;;;;;;;;;;;5
5Q;1986;14;0;0;;;5;1;30S;5;2;40T;5;1;44U;2;2;;2;0;;3;1;22X;3;1;24Y;1;0;;3;2;A43;5;2;B38;1;0;;3;1;D17;;;;;;;;;;;;;8
14Q;1987;9;0;0;;;5;1;50T;1;0;;5;2;17V;3;1;29W;2;2;2X;3;2;1Y;4;2;;;;;;;;;;;;;;;;;;;;;;;;;;;;;5
17Q;1987;8;0;0;;;5;2;25T;5;2;45U;3;2;31V;3;1;13W;2;0;;1;0;;;;;;;;;;;;;;;;;;;;;;;;;;;;;;;;4
1QR;1987;12;0;0;;;1;0;;3;1;18U;5;2;20V;3;1;3W;2;1;24X;2;2;4Y;5;1;10Z;5;2;A45;5;1;B31;3;1;C3;;;;;;;;;;;;;;;;;;;7
22Q;1987;8;0;0;;;5;2;47T;1;0;;1;0;;3;1;31W;1;0;;0;;;;;;;;;;;;;;;;;;;;;;;;;;;;;;;;;2
27Q;1987;6;0;0;;;5;1;39T;1;0;;2;0;;3;1;30W;;;;;;;;;;;;;;;;;;;;;;;;;;;;;;;;;;;;;2
2R;1987;4;0;0;;;5;2;37T;1;0;;;;;;;;;;;;;;;;;;;;;;;;;;;;;;;;;;;;;;;;;;;;1
3QR;1987;10;0;0;;;5;1;34T;5;2;37U;0;;;5;1;33W;1;0;;2;0;;5;2;14Z;2;0;;;;;;;;;;;;;;;;;;;;;;;;;;4
7Q;1987;11;0;0;;;3;1;2T;5;2;27U;0;;;3;2;27W;0;;;2;0;;4;0;;2;0;;0;;;;;;;;;;;;;;;;;;;;;;;;4
9Q;1987;10;0;0;;;5;2;48T;5;1;33U;3;2;28V;5;1;25W;2;1;9X;3;1;38Y;3;1;4Z;5;1;A47;;;;;;;;;;;;;;;;;;;;;;;;;7
14R;1988;2;0;0;;;;;;;;;;;;;;;;;;;;;;;;;;;;;;;;;;;;;;;;;;;;;;;;;;;
15R;1988;8;0;0;;;0;;;2;0;;5;2;32W;1;0;;1;0;;0;;;;;;;;;;;;;;;;;;;;;;;;;;;;;;;;;1
18R;1988;6;0;0;;;5;2;13U;1;0;;3;2;7W;2;1;7X;;;;;;;;;;;;;;;;;;;;;;;;;;;;;;;;;;;;;2
20R;1988;13;0;5;1;44T;1;0;;2;1;23V;5;1;18W;2;0;;2;2;16Y;1;0;;5;1;A42;3;2;B15;1;0;;5;2;D6;;;;;;;;;;;;;;;;;;;5
25R;1988;8;0;0;;;3;1;41U;0;;;5;2;48W;1;0;;5;1;41Y;1;0;;;;;;;;;;;;;;;;;;;;;;;;;;;;;;;;3
26R;1988;14;0;0;;;3;2;21U;0;;;5;2;38W;1;0;;3;2;;1;0;;5;2;A20;2;0;;3;1;C17;1;;;2;1;E6;0;;;;;;;;;;;;;;;5
2S;1988;11;0;3;1;17T;0;;;2;0;;5;1;4W;1;0;;3;2;23Y;2;1;;5;1;A17;5;2;B32;3;2;C16;;;;;;;;;;;;;;;;;;;;;;6
3S;1988;12;0;0;;;5;1;26U;2;1;26V;1;0;;2;2;13X;2;0;;0;;;2;0;;3;1;B33;0;;;0;;;;;;;;;;;;;;;;;;;;;2
6R;1988;12;0;0;;;5;2;23U;0;;;0;;;1;0;;3;2;10Y;1;0;;5;2;A33;3;1;B28;1;0;;0;;;;;;;;;;;;;;;;;;;;;4
9R;1988;9;0;2;0;;1;0;;4;;;3;2;47W;5;2;3X;5;1;9Y;1;0;;5;2;A11;;;;;;;;;;;;;;;;;;;;;;;;;;;;5
13S;1989;10;2;0;;;0;;;3;2;49W;1;0;;2;0;;3;1;3Z;3;1;A41;5;2;B40;1;0;;;;;;;;;;;;;;;;;;;;;;;;;;
15T;1989;9;0;0;;;0;;;2;0;;3;1;5X;0;;;0;;;1;0;;3;1;B10;;;;;;;;;;;;;;;;;;;;;;;;;;;;2
19S;1989;2;0;0;;;;;;;;;;;;;;;;;;;;;;;;;;;;;;;;;;;;;;;;;;;;;;;;;;;
22T;1989;2;0;0;;;;;;;;;;;;;;;;;;;;;;;;;;;;;;;;;;;;;;;;;;;;;;;;;;;
24T;1989;4;0;0;;;0;;;5;2;17W;;;;;;;;;;;;;;;;;;;;;;;;;;;;;;;;;;;;;;;;;;;1
25S;1989;14;0;0;;;0;;;0;;;5;2;11X;2;0;;1;0;;1;0;;0;;;0;;;0;;;0;;;0;;;0;;;;;;;;;;;;;;;1
26S;1989;11;0;0;;;5;1;19V;1;0;;3;1;14X;1;0;;5;2;6Z;5;1;A51;3;1;B29;1;0;;3;1;D18;;;;;;;;;;;;;;;;;;;;;;6
27S;1989;10;0;0;;;2;1;;3;1;9W;3;2;;5;2;34Y;1;0;;5;2;A14;3;2;B20;3;1;C7;;;;;;;;;;;;;;;;;;;;;;;;;6
29S;1989;14;0;0;;;5;2;6W;2;0;;1;0;;5;1;30Y;1;0;;5;2;B9;4;2;;2;0;;3;1;D9;2;1;E7;5;2;F13;1;0;;;;;;;;;;;;;;6
5T;1989;5;0;0;;;0;;;3;2;;0;;;;;;;;;;;;;;;;;;;;;;;;;;;;;;;;;;;;;;;;;;1
6S;1989;7;0;0;;;0;;;5;1;14W;1;0;;3;2;17Y;1;0;;;;;;;;;;;;;;;;;;;;;;;;;;;;;;;;;;;2
10T;1990;13;0;0;;;1;0;;0;;;3;2;33Y;1;0;;2;2;A19;3;2;B3;1;0;;3;2;D10;2;0;;5;1;F3;1;0;;;;;;;;;;;;;;;;;4
11T;1990;9;0;0;;;2;0;;0;;;5;2;36Y;1;0;;3;1;A25;3;1;B19;1;0;;;;;;;;;;;;;;;;;;;;;;;;;;;;;
12T;1990;9;0;0;;;3;1;37W;0;;;3;2;5Y;1;0;;0;;;4;0;;5;2;C8;;;;;;;;;;;;;;;;;;;;;;;;;;;;4
17U;1990;6;0;0;;;3;1;16W;0;;;5;1;25Y;;;;;;;;;;;;;;;;;;;;;;;;;;;;;;;;;;;;;;;;2
1T;1990;8;0;0;;;1;0;;0;;;3;1;28Y;1;0;;1;0;;1;0;;;;;;;;;;;;;;;;;;;;;;;;;;;;;;;;1
23T;1990;8;0;0;;;0;;;0;;;0;;;0;;;0;;;0;;;;;;;;;;;;;;;;;;;;;;;;;;;;;;;;;
26T;1990;13;0;0;;;3;1;46W;0;;;3;2;27Y;1;0;;3;1;A46;2;0;;5;2;C4;3;1;D4;3;2;E16;1;;;0;;;;;;;;;;;;;;;;;;6
28T;1990;14;0;0;;;5;1;24W;1;0;;3;2;37Y;1;0;;3;1;A31;5;2;C5;3;1;C20;2;;;1;;;3;1;F2;2;0;;3;1;H2;;;;;;;;;;;;;7
30T;1990;3;0;0;;;5;2;11W;;;;;;;;;;;;;;;;;;;;;;;;;;;;;;;;;;;;;;;;;;;;;;1
31T;1990;13;0;0;;;3;1;10W;0;;;3;2;2Y;5;2;7Z;5;1;A34;5;1;B14;3;2;C10;3;1;D3;5;1;E5;5;2;F6;3;2;G11;;;;;;;;;;;;;;;;10
37T;1990;12;0;0;;;1;0;;3;2;12X;3;2;39Y;1;0;;5;1;A9;3;1;B12;3;1;C6;2;2;D2;3;1;E2;2;0;;;;;;;;;;;;;;;;;;;;6
40T;1990;13;0;0;;;0;;;0;;;1;0;;4;2;;5;2;A54;5;2;C2;2;0;;5;1;D12;5;1;E10;1;;;5;2;G7;;;;;;;;;;;;;;;;6
42T;1990;5;0;0;;;2;0;;0;;;3;2;31Y;;;;;;;;;;;;;;;;;;;;;;;;;;;;;;;;;;;;;;;;1
48T;1990;2;0;0;;;;;;;;;;;;;;;;;;;;;;;;;;;;;;;;;;;;;;;;;;;;;;;;;;;
51T;1990;12;0;0;;;3;2;40W;0;;;1;0;;3;1;2Z;5;1;A30;2;2;B21;5;2;C14;3;2;D11;2;0;;2;1;F5;;;;;;;;;;;;;;;;;;;5
54T;1990;2;0;0;;;;;;;;;;;;;;;;;;;;;;;;;;;;;;;;;;;;;;;;;;;;;;;;;;;
58T;1990;9;0;0;;;5;2;34W;1;0;;3;1;21Y;0;;;3;2;A27;2;0;;1;0;;;;;;;;;;;;;;;;;;;;;;;;;;;;;3
9T;1990;13;0;0;;;5;1;15W;1;0;;3;2;13Y;1;0;;5;2;A5;3;1;B1;1;0;;5;2;D14;1;;;1;;;1;0;;;;;;;;;;;;;;;;;5
13U;1991;3;0;0;;;0;;;;;;;;;;;;;;;;;;;;;;;;;;;;;;;;;;;;;;;;;;;;;;;;
16U;1991;8;0;0;;;0;;;3;2;15Y;1;0;;5;2;A26;2;0;;;;;;;;;;;;;;;;;;;;;;;;;;;;;;;;;;;1
19U;1991;6;0;0;;;0;;;3;2;12Y;1;0;;3;0;;;;;;;;;;;;;;;;;;;;;;;;;;;;;;;;;;;;;;2
20U;1991;7;0;0;;;0;;;3;1;7Y;1;0;;3;1;A8;3;2;B34;;;;;;;;;;;;;;;;;;;;;;;;;;;;;;;;;;3
22U;1991;3;0;0;;;0;;;;;;;;;;;;;;;;;;;;;;;;;;;;;;;;;;;;;;;;;;;;;;;;
23U;1991;8;2;0;;;0;;;0;;;3;1;8Z;1;0;;3;1;B13;0;;;;;;;;;;;;;;;;;;;;;;;;;;;;;;;;;
27U;1991;8;0;0;;;0;;;0;;;0;;;3;2;A38;8;;;8;;;;;;;;;;;;;;;;;;;;;;;;;;;;;;;;;
28U;1991;11;0;0;;;0;;;2;0;;5;2;15Z;5;2;A50;3;1;B11;0;;;3;1;D16;1;;;2;0;;;;;;;;;;;;;;;;;;;;;;;4
29U;1991;8;2;0;;;0;;;3;2;8Y;1;0;;1;0;;5;2;C13;1;0;;;;;;;;;;;;;;;;;;;;;;;;;;;;;;;;
2U;1991;6;0;0;;;0;;;3;1;14Y;1;0;;;;;;;;;;;;;;;;;;;;;;;;;;;;;;;;;;;;;;;;;1
31U;1991;6;0;5;2;53W;0;;;2;0;;5;2;13Z;2;0;;;;;;;;;;;;;;;;;;;;;;;;;;;;;;;;;;;;;;2
34U;1991;8;2;0;;;0;;;5;2;6Y;1;0;;5;1;A37;1;0;;1;0;;;;;;;;;;;;;;;;;;;;;;;;;;;;;;;;
37U;1991;8;0;0;;;0;;;2;0;;0;;;5;2;A35;5;2;C1;1;0;;;;;;;;;;;;;;;;;;;;;;;;;;;;;;;;
40U;1991;10;0;0;;;0;;;2;0;;0;;;2;0;;8;;;1;0;;5;2;D8;1;;;;;;;;;;;;;;;;;;;;;;;;;;;
42U;1991;12;0;0;;;0;;;2;0;;0;;;3;1;A13;3;2;B27;5;1;C12;2;;;3;2;E15;3;2;F4;2;1;G13;;;;;;;;;;;;;;;;;;;5
45U;1991;3;0;0;;;0;;;;;;;;;;;;;;;;;;;;;;;;;;;;;;;;;;;;;;;;;;;;;;;;
49U;1991;15;0;0;;;0;;;1;0;;0;;;3;2;A40;3;1;B7;1;0;;3;1;D13;1;;;3;1;F11;1;0;;1;0;;5;1;I3;1;0;;;;;;;;;;;5
50U;1991;10;0;0;;;0;;;2;0;;4;1;;5;2;A22;4;0;;2;0;;1;;;2;2;E1;;;;;;;;;;;;;;;;;;;;;;;;;
5U;1991;8;0;0;;;0;;;3;2;11Y;1;0;;5;2;A2;3;1;B16;2;0;;;;;;;;;;;;;;;;;;;;;;;;;;;;;;;;3
7U;1991;9;0;0;;;0;;;0;;;0;;;5;2;A36;1;0;;8;;;0;;;;;;;;;;;;;;;;;;;;;;;;;;;;;;
9U;1991;7;0;0;;;0;;;3;1;3Y;0;;;3;2;A57;3;2;B8;;;;;;;;;;;;;;;;;;;;;;;;;;;;;;;;;;
11V;1992;7;2;0;;;0;;;0;;;0;;;3;2;B36;0;;;;;;;;;;;;;;;;;;;;;;;;;;;;;;;;;;;;
15V;1992;9;0;0;;;0;;;0;;;5;1;A10;1;0;;8;;;3;2;D1;2;1;E4;;;;;;;;;;;;;;;;;;;;;;;;;;;;
1V;1992;4;0;0;;;0;;;0;;;;;;;;;;;;;;;;;;;;;;;;;;;;;;;;;;;;;;;;;;;;;
20V;1992;8;0;0;;;0;;;0;;;0;;;1;0;;1;0;;0;;;;;;;;;;;;;;;;;;;;;;;;;;;;;;;;;0
21W;1992;9;0;0;;;0;;;0;;;3;1;A15;3;1;B26;3;1;C9;1;0;;1;0;;;;;;;;;;;;;;;;;;;;;;;;;;;;;3
21X;1992;11;0;0;;;0;;;0;;;5;1;A39;1;0;;1;0;;0;;;2;0;;0;;;0;;;;;;;;;;;;;;;;;;;;;;;;1
25V;1992;5;0;0;;;0;;;5;1;5Z;3;2;A16;;;;;;;;;;;;;;;;;;;;;;;;;;;;;;;;;;;;;;;;2
29V;1992;9;0;0;;;0;;;;;;3;1;A52;3;1;B23;1;0;;2;0;;0;;;;;;;;;;;;;;;;;;;;;;;;;;;;;;1
30V;1992;6;0;0;;;0;;;0;;;1;0;;3;2;B25;;;;;;;;;;;;;;;;;;;;;;;;;;;;;;;;;;;;;1
5V;1992;4;0;0;;;0;;;0;;;;;;;;;;;;;;;;;;;;;;;;;;;;;;;;;;;;;;;;;;;;;
6W;1992;8;0;0;;;0;;;0;;;1;0;;3;2;B24;8;;;8;;;;;;;;;;;;;;;;;;;;;;;;;;;;;;;;;
8V;1992;10;0;0;;;0;;;4;2;;5;2;A28;3;2;B37;1;0;;3;1;D5;3;1;E14;5;2;F10;;;;;;;;;;;;;;;;;;;;;;;;;6
19W;1993;8;0;;;;0;;;1;0;;3;2;B5;3;1;C18;1;;;3;1;E8;;;;;;;;;;;;;;;;;;;;;;;;;;;;;;;3
28W;1993;10;0;0;;;0;;;0;;;3;2;B39;3;2;C19;0;;;2;1;E3;1;;;2;1;G4;;;;;;;;;;;;;;;;;;;;;;;;;2
2WX;1993;6;0;0;;;0;;;0;;;2;0;;0;;;;;;;;;;;;;;;;;;;;;;;;;;;;;;;;;;;;;;;0
32W;1993;9;0;0;;;0;;;3;2;A49;4;0;;0;;;3;1;D7;0;;;1;;;;;;;;;;;;;;;;;;;;;;;;;;;;;;3
39W;1993;10;0;0;;;0;;;1;0;;3;1;B2;3;1;C15;5;1;D15;5;2;E12;1;;;3;1;G5;;;;;;;;;;;;;;;;;;;;;;;;;5
48W;1993;11;0;0;;;0;;;5;1;A48;3;1;B35;8;;;8;;;5;1;E11;1;;;3;2;G1;5;1;H3;;;;;;;;;;;;;;;;;;;;;;
50W;1993;6;2;0;;;0;;;2;0;;3;1;B4;0;;;;;;;;;;;;;;;;;;;;;;;;;;;;;;;;;;;;;;;
53W;1993;4;0;0;;;1;0;;3;2;A21;;;;;;;;;;;;;;;;;;;;;;;;;;;;;;;;;;;;;;;;;;;1
54W;1993;7;0;0;;;0;;;5;1;A32;1;0;;1;0;;0;;;;;;;;;;;;;;;;;;;;;;;;;;;;;;;;;;;;1
5W;1993;3;0;0;;;0;;;;;;;;;;;;;;;;;;;;;;;;;;;;;;;;;;;;;;;;;;;;;;;;
3X;1994;5;2;0;;;3;2;A18;5;2;B17;1;0;;;;;;;;;;;;;;;;;;;;;;;;;;;;;;;;;;;;;;;;;
34Y;1995;6;0;0;;;1;0;;8;;;8;;;8;;;;;;;;;;;;;;;;;;;;;;;;;;;;;;;;;;;;;;;
36Y;1995;2;0;0;;;;;;;;;;;;;;;;;;;;;;;;;;;;;;;;;;;;;;;;;;;;;;;;;;;
6Y;1995;6;0;0;;;0;;;8;;;8;;;8;;;;;;;;;;;;;;;;;;;;;;;;;;;;;;;;;;;;;;;
14Z;1996;7;0;0;;;8;;;8;;;8;;;5;1;F12;3;1;G16;;;;;;;;;;;;;;;;;;;;;;;;;;;;;;;;;;
15Z;1996;11;0;0;;;8;;;8;;;8;;;8;;;8;;;8;;;8;;;8;;;8;;;;;;;;;;;;;;;;;;;;;;;;
6Z;1996;2;0;0;;;;;;;;;;;;;;;;;;;;;;;;;;;;;;;;;;;;;;;;;;;;;;;;;;;
7Z;1996;3;2;0;;;0;;;;;;;;;;;;;;;;;;;;;;;;;;;;;;;;;;;;;;;;;;;;;;;;
A14;1997;4;0;0;;;0;;;0;;;;;;;;;;;;;;;;;;;;;;;;;;;;;;;;;;;;;;;;;;;;;
A2;1997;2;0;0;;;;;;;;;;;;;;;;;;;;;;;;;;;;;;;;;;;;;;;;;;;;;;;;;;;
A20;1997;6;0;0;;;0;;;0;;;0;;;3;2;G12;;;;;;;;;;;;;;;;;;;;;;;;;;;;;;;;;;;;;1
A22;1997;2;2;0;;;;;;;;;;;;;;;;;;;;;;;;;;;;;;;;;;;;;;;;;;;;;;;;;;;
A28;1997;8;0;0;;;0;;;5;2;E17;3;2;F7;5;2;G14;1;0;;;;;;;;;;;;;;;;;;;;;;;;;;;;;;;;;;;3
A33;1997;9;0;0;;;0;;;5;2;E13;1;;;3;2;G6;5;2;H1;1;0;;5;1;J1;;;;;;;;;;;;;;;;;;;;;;;;;;;;4
A35;1997;15;0;0;;;0;;;0;;;5;1;F9;1;0;;2;0;;2;2;;3;2;J7;2;1;K14;1;0;;5;1;M27;1;0;;1;0;;3;1;P2;;;;;;;;;;4
A36;1997;3;0;0;;;0;;;;;;;;;;;;;;;;;;;;;;;;;;;;;;;;;;;;;;;;;;;;;;;;
A44;1997;17;0;0;;;0;;;2;0;;5;2;F1;2;0;;3;1;H4;2;2;I2;2;2;J2;5;2;K11;5;2;L2;5;1;M22;5;1;N7;5;1;O7;5;1;P7;1;0;;3;2;R15;;;;9
A5;1997;2;2;0;;;;;;;;;;;;;;;;;;;;;;;;;;;;;;;;;;;;;;;;;;;;;;;;;;;
A50;1997;14;0;0;;;0;;;2;1;E9;5;1;F8;2;1;G3;1;0;;3;1;I5;5;2;J8;1;0;;5;1;L9;3;2;M19;5;2;N3;2;0;;;;;;;;;;;;;;6
A53;1997;4;0;0;;;0;;;0;;;;;;;;;;;;;;;;;;;;;;;;;;;;;;;;;;;;;;;;;;;;;
B32;1998;7;0;0;;;0;;;0;;;0;;;1;0;;0;;;;;;;;;;;;;;;;;;;;;;;;;;;;;;;;;;;;0
C13;1998;7;0;0;;;0;;;0;;;3;1;G2;1;0;;5;2;I7;;;;;;;;;;;;;;;;;;;;;;;;;;;;;;;;;;2
C5;1998;4;0;0;;;0;;;0;;;;;;;;;;;;;;;;;;;;;;;;;;;;;;;;;;;;;;;;;;;;;
C14;1999;11;0;0;;;0;;;5;2;G15;1;0;;3;2;I8;3;1;J9;3;1;K12;5;1;L11;2;2;M18;2;0;;;;;;;;;;;;;;;;;;;;;;;5
C8;1999;8;0;0;;;0;;;0;;;1;0;;0;;;3;1;J11;3;2;K15;;;;;;;;;;;;;;;;;;;;;;;;;;;;;;;
D14;2000;11;0;0;;;0;;;1;0;;5;1;I4;3;1;J10;3;2;K9;3;1;L7;3;1;M16;5;2;N4;3;1;O8;;;;;;;;;;;;;;;;;;;;;;7
D6;2000;3;0;0;;;0;;;;;;;;;;;;;;;;;;;;;;;;;;;;;;;;;;;;;;;;;;;;;;;;
D8;2000;8;0;0;;;0;;;0;;;0;;;0;;;2;1;K16;5;2;L10;;;;;;;;;;;;;;;;;;;;;;;;;;;;;;;1
E12;2001;13;0;0;;;0;;;5;2;I6;5;1;J6;3;1;K8;1;0;;5;1;M23;2;1;N1;5;2;O12;5;1;P9;3;1;Q1;3;1;R2;;;;;;;;;;;;;;;;8
E13;2001;9;0;0;;;2;0;;3;1;I9;5;2;J5;3;2;K7;3;1;L5;5;2;M24;1;0;;;;;;;;;;;;;;;;;;;;;;;;;;;;;5
E17;2001;6;0;0;;;3;1;H5;1;0;;1;0;;1;0;;;;;;;;;;;;;;;;;;;;;;;;;;;;;;;;;;;;;;1
F1;2002;12;0;0;;;0;;;2;2;;1;0;;5;1;L1;3;1;M13;5;1;N2;5;2;O11;5;1;P18;5;1;Q4;3;1;R7;;;;;;;;;;;;;;;;;;;7
F10;2002;3;0;0;;;0;;;;;;;;;;;;;;;;;;;;;;;;;;;;;;;;;;;;;;;;;;;;;;;;0
F13;2002;4;0;0;;;0;;;3;2;J4;;;;;;;;;;;;;;;;;;;;;;;;;;;;;;;;;;;;;;;;;;;1
G14;2003;14;0;0;;;2;0;;3;2;K10;5;2;L6;5;1;M14;5;2;N6;5;2;O3;5;1;P4;3;2;Q2;3;1;R5;3;1;S3;0;;;5;2;U21;;;;;;;;;;;;;10
G15;2003;7;0;0;;;0;;;1;0;;5;2;L3;5;2;M21;5;2;N8;;;;;;;;;;;;;;;;;;;;;;;;;;;;;;;;;;3
H1;2004;10;0;0;;;5;1;K13;5;1;L4;5;2;M15;5;1;N10;3;1;O10;5;2;P3;1;0;;5;2;R13;;;;;;;;;;;;;;;;;;;;;;;;;7
K4;2004;7;3;;;;4;1;;;;;;;;;;;;;;;;;;;;;;;;;;;;;;;;;;;;;;;;;;;;;;;
I6;2005;11;0;0;;;1;0;;3;1;M20;5;1;N5;3;2;O5;5;1;P19;3;1;Q6;5;1;R3;5;1;S7;1;0;;;;;;;;;;;;;;;;;;;;;;;7
I7;2005;6;0;0;;;0;;;5;2;M25;5;1;N9;3;2;O1;;;;;;;;;;;;;;;;;;;;;;;;;;;;;;;;;;;;;3
K1;2005;10;0;0;;;0;;;5;2;M26;5;1;N11;2;0;;5;2;P13;5;1;Q10;1;0;;9;;;;;;;;;;;;;;;;;;;;;;;;;;;
J5;2006;12;0;0;;;9;2;M17;3;2;N12;1;0;;2;2;P8;3;1;Q14;2;1;R8;2;0;;3;1;T5;5;2;U12;5;2;V16;;;;;;;;;;;;;;;;;;;5
J8;2006;8;0;0;;;5;2;M28;3;2;N13;5;1;O2;3;1;P14;3;1;Q9;5;2;R1;;;;;;;;;;;;;;;;;;;;;;;;;;;;;;;6
L10;2008;2;0;0;;;;;;;;;;;;;;;;;;;;;;;;;;;;;;;;;;;;;;;;;;;;;;;;;;;
L2;2008;12;0;0;;;5;2;O4;1;0;;5;1;Q5;5;2;R12;2;2;S6;5;2;T6;3;2;U24;1;;;5;2;W6;2;;;;;;;;;;;;;;;;;;;;;6
L3;2008;6;0;0;;;5;2;O6;5;2;P10;5;1;Q7;3;2;R9;;;;;;;;;;;;;;;;;;;;;;;;;;;;;;;;;;;;;4
L6;2008;4;0;0;;;3;1;O9;3;1;P12;;;;;;;;;;;;;;;;;;;;;;;;;;;;;;;;;;;;;;;;;;;2
M4;2008;17;1;0;;;0;;;5;1;P16;1;0;;5;2;R6;5;2;S5;1;0;;5;2;U14;5;1;V4;5;1;W22;3;2;X7;1;;;1;;;1;;;0;;;0;;;;;;
M7;2008;12;0;0;;;0;;;5;1;P17;5;2;Q12;1;0;;2;2;S4;1;0;;5;2;U13;3;1;V13;5;2;W7;1;;;;;;;;;;;;;;;;;;;;;
M15;2009;11;0;0;;;5;2;P1;1;0;;1;0;;2;2;S1;5;2;T2;3;1;U20;5;2;V6;5;1;W2;3;1;X6;;;;;;;;;;;;;;;;;;;;;;6
M21;2009;2;0;0;;;;;;;;;;;;;;;;;;;;;;;;;;;;;;;;;;;;;;;;;;;;;;;;;;;
M24;2009;3;0;0;;;5;2;P11;;;;;;;;;;;;;;;;;;;;;;;;;;;;;;;;;;;;;;;;;;;;;;1
M25;2009;3;0;0;;;5;1;P6;;;;;;;;;;;;;;;;;;;;;;;;;;;;;;;;;;;;;;;;;;;;;;1
M26;2009;5;0;0;;;5;2;P15;5;2;Q13;5;2;R4;;;;;;;;;;;;;;;;;;;;;;;;;;;;;;;;;;;;;;;;3
M28;2009;12;0;0;;;2;1;P5;5;2;Q3;3;2;R11;1;0;;5;1;T4;5;1;U17;5;2;V9;5;1;W11;2;2;X10;2;2;Y1;;;;;;;;;;;;;;;;;;;6
N3;2010;3;0;0;;;5;2;Q8;;;;;;;;;;;;;;;;;;;;;;;;;;;;;;;;;;;;;;;;;;;;;;1
N4;2010;7;0;0;;;5;1;Q11;2;0;;3;2;S2;1;0;;1;0;;;;;;;;;;;;;;;;;;;;;;;;;;;;;;;;;;;2
N6;2010;4;0;0;;;0;;;2;0;;;;;;;;;;;;;;;;;;;;;;;;;;;;;;;;;;;;;;;;;;;;0
O11;2011;10;0;0;;;3;1;R10;1;0;;1;0;;3;1;U22;5;1;V5;5;2;X2;3;1;X20;0;;;;;;;;;;;;;;;;;;;;;;;;;;;
O12;2011;14;1;0;;;0;;;5;2;S9;1;0;;5;2;U25;5;2;V11;1;0;;3;0;;2;;;0;;;5;1;;1;;;1;;;;;;;;;;;;;;;
O3;2011;3;0;0;;;3;2;R14;;;;;;;;;;;;;;;;;;;;;;;;;;;;;;;;;;;;;;;;;;;;;;1
O4;2011;2;0;0;;;;;;;;;;;;;;;;;;;;;;;;;;;;;;;;;;;;;;;;;;;;;;;;;;;
O6;2011;13;0;0;;;5;1;R16;5;2;S10;1;0;;2;0;;5;2;V7;5;2;W16;1;;;1;;;1;;;2;0;;2;0;;;;;;;;;;;;;;;;;
P1;2012;8;0;0;;;5;2;S8;0;;;1;0;;1;;;5;1;W4;3;1;X8;;;;;;;;;;;;;;;;;;;;;;;;;;;;;;;
P10;2012;2;0;0;;;;;;;;;;;;;;;;;;;;;;;;;;;;;;;;;;;;;;;;;;;;;;;;;;;
P11;2012;6;0;0;;;0;;;0;;;2;0;;5;1;V2;;;;;;;;;;;;;;;;;;;;;;;;;;;;;;;;;;;;;1
P13;2012;5;0;0;;;2;1;S11;0;;;2;0;;;;;;;;;;;;;;;;;;;;;;;;;;;;;;;;;;;;;;;;;0
P15;2012;9;0;0;;;0;;;0;;;5;1;U18;5;1;V1;5;2;W12;5;2;X3;3;1;Y3;;;;;;;;;;;;;;;;;;;;;;;;;;;;
P3;2012;9;0;0;;;0;;;0;;;5;2;U15;3;1;V8;5;1;W15;2;2;X5;3;1;Y2;;;;;;;;;;;;;;;;;;;;;;;;;;;;
Q12;2013;7;0;0;;;0;;;5;2;U19;5;1;V12;5;1;W14;5;2;X12;;;;;;;;;;;;;;;;;;;;;;;;;;;;;;;;;;
Q13;2013;8;0;0;;;0;;;0;;;5;1;V10;5;2;W5;0;;;1;;;;;;;;;;;;;;;;;;;;;;;;;;;;;;;;;
Q3;2013;8;0;0;;;0;;;0;;;1;;;5;2;W1;3;1;X15;0;;;;;;;;;;;;;;;;;;;;;;;;;;;;;;;;;
Q8;2013;3;0;0;;;0;;;;;;;;;;;;;;;;;;;;;;;;;;;;;;;;;;;;;;;;;;;;;;;;0
R12;2014;5;0;0;;;0;;;5;1;V14;5;1;W19;;;;;;;;;;;;;;;;;;;;;;;;;;;;;;;;;;;;;;;;
R4;2014;2;0;0;;;;;;;;;;;;;;;;;;;;;;;;;;;;;;;;;;;;;;;;;;;;;;;;;;;
R6;2014;11;1;0;;;3;2;U16;5;2;V15;0;;;5;1;X11;1;;;3;1;ZZ1;9;1;AA4;5;1;BB2;4;1;CC5;;;;;;;;;;;;;;;;;;;;;;
U11;2016;8;1;0;;;5;1;X1;0;;;3;2;Y5;0;;;2;0;;5;1;BB13;4;0;umk;;;;;;;;;;;;;;;;;;;;;;;;;;;;
U2;2014;5;3;;;;0;1;U23;0;;;3;2;W9;;;;;;;;;;;;;;;;;;;;;;;;;;;;;;;;;;;;;;;;
U7;2014;11;3;;;;3;;;0;;;2;2;W8;3;2;X4;0;;;0;;;5;1;AA13;5;1;BB8;4;1;CC11;;;;;;;;;;;;;;;;;;;;;;
S10;2015;6;0;0;;;2;1;V3;3;1;W3;5;1;X9;0;;;;;;;;;;;;;;;;;;;;;;;;;;;;;;;;;;;;;;;
S5;2015;10;1;0;;;3;;;0;;;3;2;X13;0;;;0;;;1;0;;1;;;0;;;;;;;;;;;;;;;;;;;;;;;;;;;
S8;2015;10;1;0;;;0;;;5;2;W13;3;2;X18;1;;;1;;;5;1;AA5;5;1;BB15;1;;;;;;;;;;;;;;;;;;;;;;;;;;;
S9;2015;5;0;0;;;3;1;V17;5;2;W17;5;1;X14;;;;;;;;;;;;;;;;;;;;;;;;;;;;;;;;;;;;;;;;
U5;2015;10;1;0;;;0;;;0;;;0;;;0;;;0;;;0;;;0;;;0;;;;;;;;;;;;;;;;;;;;;;;;;;;
U8;2015;6;0;0;;;0;;;5;2;W20;5;2;X21;1;0;;;;;;;;;;;;;;;;;;;;;;;;;;;;;;;;;;;;;;
T2;2016;3;0;0;;;5;2;W10;;;;;;;;;;;;;;;;;;;;;;;;;;;;;;;;;;;;;;;;;;;;;;
T6;2016;3;0;0;;;5;2;W18;;;;;;;;;;;;;;;;;;;;;;;;;;;;;;;;;;;;;;;;;;;;;;
U4;2016;7;0;0;;;3;2;W21;3;1;X22;3;1;Y6;1;0;;5;1;AA12;;;;;;;;;;;;;;;;;;;;;;;;;;;;;;;;;;
U6;2016;3;0;0;;;3;2;W23;;;;;;;;;;;;;;;;;;;;;;;;;;;;;;;;;;;;;;;;;;;;;;
U9;2016;3;0;0;;;0;;;;;;;;;;;;;;;;;;;;;;;;;;;;;;;;;;;;;;;;;;;;;;;;
U13;2017;8;1;0;;;3;2;X19;3;1;Y4;0;;;5;2;AA11;1;;;4;2;CC6;;;;;;;;;;;;;;;;;;;;;;;;;;;;;;;
U14;2017;8;1;0;;;3;2;X16;0;;;5;1;ZZ2;2;0;;5;2;BB3;4;2;CC9;;;;;;;;;;;;;;;;;;;;;;;;;;;;;;;
U15;2017;8;1;0;;;3;1;X23;0;;;0;;;5;2;AA14;3;1;BB10;1;;;;;;;;;;;;;;;;;;;;;;;;;;;;;;;;;
U19;2017;8;1;0;;;3;2;X4;0;;;0;;;2;1;AA6;5;2;BB11;4;1;CC10;;;;;;;;;;;;;;;;;;;;;;;;;;;;;;;
U21;2017;3;0;0;;;3;1;X17;;;;;;;;;;;;;;;;;;;;;;;;;;;;;;;;;;;;;;;;;;;;;;
U25;2017;6;0;0;;;0;;;0;;;0;;;5;1;;;;;;;;;;;;;;;;;;;;;;;;;;;;;;;;;;;;;;
V11;2018;3;0;0;;;0;;;;;;;;;;;;;;;;;;;;;;;;;;;;;;;;;;;;;;;;;;;;;;;;
V6;2018;3;0;0;;;0;;;;;;;;;;;;;;;;;;;;;;;;;;;;;;;;;;;;;;;;;;;;;;;;
V7;2018;3;0;0;;;0;;;;;;;;;;;;;;;;;;;;;;;;;;;;;;;;;;;;;;;;;;;;;;;;
V9;2018;7;1;0;;;0;;;0;;;5;2;AA2;5;1;BB12;4;1;CC8;;;;;;;;;;;;;;;;;;;;;;;;;;;;;;;;;;
W1;2019;2;0;0;;;;;;;;;;;;;;;;;;;;;;;;;;;;;;;;;;;;;;;;;;;;;;;;;;;
W6;2019;4;0;0;;;0;;;3;1;AA7;;;;;;;;;;;;;;;;;;;;;;;;;;;;;;;;;;;;;;;;;;;
W7;2019;6;1;0;;;0;;;5;2;AA8;5;1;BB4;4;2;CC4;;;;;;;;;;;;;;;;;;;;;;;;;;;;;;;;;;;;;
W12;2019;4;0;0;;;0;;;5;2;AA10;;;;;;;;;;;;;;;;;;;;;;;;;;;;;;;;;;;;;;;;;;;
W13;2019;6;1;0;;;0;;;5;2;AA1;5;2;BB7;4;2;CC1;;;;;;;;;;;;;;;;;;;;;;;;;;;;;;;;;;;;;
W16;2019;6;1;0;;;0;;;5;1;AA3;1;;;4;1;CC3;;;;;;;;;;;;;;;;;;;;;;;;;;;;;;;;;;;;;
W17;2019;6;1;0;;;0;;;2;0;;5;1;BB1;4;1;CC2;;;;;;;;;;;;;;;;;;;;;;;;;;;;;;;;;;;;;
W18;2019;2;0;0;;;;;;;;;;;;;;;;;;;;;;;;;;;;;;;;;;;;;;;;;;;;;;;;;;;
X2;2019;5;0;0;;;0;;;5;2;AA9;5;2;BB14;;;;;;;;;;;;;;;;;;;;;;;;;;;;;;;;;;;;;;;;
X12;2020;5;1;0;;;0;;;5;2;BB9;4;1;CC7;;;;;;;;;;;;;;;;;;;;;;;;;;;;;;;;;;;;;;;;
AA1;2023;2;1;0;;;;;;;;;;;;;;;;;;;;;;;;;;;;;;;;;;;;;;;;;;;;;;;;;;;
AA2;2023;2;1;0;;;;;;;;;;;;;;;;;;;;;;;;;;;;;;;;;;;;;;;;;;;;;;;;;;;
AA8;2023;2;1;0;;;;;;;;;;;;;;;;;;;;;;;;;;;;;;;;;;;;;;;;;;;;;;;;;;;
AA9;2023;2;1;0;;;;;;;;;;;;;;;;;;;;;;;;;;;;;;;;;;;;;;;;;;;;;;;;;;;
AA10;2023;2;1;0;;;;;;;;;;;;;;;;;;;;;;;;;;;;;;;;;;;;;;;;;;;;;;;;;;;
AA11;2023;2;1;0;;;;;;;;;;;;;;;;;;;;;;;;;;;;;;;;;;;;;;;;;;;;;;;;;;;
AA14;2023;2;1;0;;;;;;;;;;;;;;;;;;;;;;;;;;;;;;;;;;;;;;;;;;;;;;;;;;;
